{
  "name": "starborne",
  "title": "Starborne",
  "description": "Custom Warlock class for Pathfinder 2E Remastered",
  "version": "1.0.228",
  "minimumCoreVersion": "11",
  "compatibleCoreVersion": "11.315",
  "author": "Starborne Adventures",
  "systems": [
    {
      "id": "pf2e",
      "type": "system",
      "version": "5.8.0"
    }
  ],
  "url": "https://github.com/lancemc/foundry-starborne-module",
  "manifest": "https://github.com/lancemc/foundry-starborne-module/releases/download/v1.0.228/module.json",
  "download": "https://github.com/lancemc/foundry-starborne-module/releases/download/v1.0.228/starborne.zip",
  "readme": "https://github.com/lancemc/foundry-starborne-module/blob/main/README.md",
  "packs": [
    {
      "name": "starborne-classes",
      "label": "Starborne Classes",
      "path": "packs/starborne-classes.db",
      "type": "Item",
      "system": "pf2e"
    }
  ]
}