{
  "name": "starborne",
  "title": "Starborne",
  "description": "Custom classes and creatures for Pathfinder 2e including Warlock and Necrosteel Beasts.",
  "version": "1.0.235",
  "author": "Starborne Adventures",
  "minimumCoreVersion": "11",
  "compatibleCoreVersion": "11.315",
  "systems": [
    {
      "id": "pf2e",
      "type": "system",
      "version": "6.11.1"
    }
  ],
  "url": "https://github.com/lancemc/foundry-starborne-module",
  "manifest": "https://github.com/lancemc/foundry-starborne-module/releases/download/v1.0.235/module.json",
  "download": "https://github.com/lancemc/foundry-starborne-module/releases/download/v1.0.235/starborne.zip",
  "readme": "https://github.com/lancemc/foundry-starborne-module/blob/main/README.md",
  "packs": [
    {
      "name": "starborne-classes",
      "label": "Starborne Classes",
      "path": "packs/starborne-classes.db",
      "type": "Item",
      "system": "pf2e"
    },
    {
      "name": "necrosteel-beasts",
      "label": "Necrosteel Beasts",
      "path": "packs/necrosteel-beasts.db",
      "type": "Actor",
      "system": "pf2e"
    }
  ]
}