{
  "name": "starborne",
  "title": "Starborne",
  "description": "Custom Warlock class for Pathfinder 2E Remastered",
  "version": "1.0.222",
  "minimumCoreVersion": "11",
  "compatibleCoreVersion": "11",
  "author": "Starborne Adventures",
  "systems": [
    "pf2e"
  ],
  "url": "https://github.com/lancemc/foundry-starborne-module",
  "manifest": "https://github.com/lancemc/foundry-starborne-module/releases/download/v1.0.222/module.json",
  "download": "https://github.com/lancemc/foundry-starborne-module/releases/download/v1.0.222/starborne.zip",
  "readme": "https://github.com/lancemc/foundry-starborne-module/blob/main/README.md",
  "packs": [
    {
      "name": "classes",
      "label": "Starborne Classes",
      "path": "packs/classes.db",
      "type": "Item",
      "system": "pf2e"
    }
  ]
}